model,family,params_b,M1_vea_rate,M1_vea_rate_ci_lo,M1_vea_rate_ci_hi,M1_vea_rate_incl_truncated,M1_vea_rate_incl_truncated_ci_lo,M1_vea_rate_incl_truncated_ci_hi,M2_rate_safety,M2_rate_safety_ci_lo,M2_rate_safety_ci_hi,M2_rate_capabilities,M2_rate_capabilities_ci_lo,M2_rate_capabilities_ci_hi,M2_rate_both,M2_rate_both_ci_lo,M2_rate_both_ci_hi,M2_rate_generic,M2_rate_generic_ci_lo,M2_rate_generic_ci_hi,M2_rate_safety_framed,M2_rate_safety_framed_ci_lo,M2_rate_safety_framed_ci_hi,M3_refusal_adversarial,M3_refusal_adversarial_ci_lo,M3_refusal_adversarial_ci_hi,M3_refusal_benign,M3_refusal_benign_ci_lo,M3_refusal_benign_ci_hi,M3_refusal_gap,M3_refusal_gap_ci_lo,M3_refusal_gap_ci_hi,M4_within_question_pooled,M4_within_question_pooled_ci_lo,M4_within_question_pooled_ci_hi,M4_within_question_pooled_underpowered,M4_odds_ratio,M4_odds_ratio_ci_lo,M4_odds_ratio_ci_hi,M4_lpm_question_fe,M4_lpm_question_fe_ci_lo,M4_lpm_question_fe_ci_hi,M4_within_corr_pooled,M4_within_corr_pooled_ci_lo,M4_within_corr_pooled_ci_hi,M4_within_corr_pooled_underpowered,M4_bloom_exact,M4_bloom_exact_ci_lo,M4_bloom_exact_ci_hi,M4_selection_free_stage2_only,M4_selection_free_stage2_only_ci_lo,M4_selection_free_stage2_only_ci_hi,M4_selection_free_stage2_only_underpowered,M4_framing_safety,M4_framing_safety_ci_lo,M4_framing_safety_ci_hi,M4_framing_safety_underpowered,M4_within_corr_framing_safety,M4_within_corr_framing_safety_ci_lo,M4_within_corr_framing_safety_ci_hi,M4_within_corr_framing_safety_underpowered,M4_framing_capabilities,M4_framing_capabilities_ci_lo,M4_framing_capabilities_ci_hi,M4_framing_capabilities_underpowered,M4_within_corr_framing_capabilities,M4_within_corr_framing_capabilities_ci_lo,M4_within_corr_framing_capabilities_ci_hi,M4_within_corr_framing_capabilities_underpowered,M6_placebo_within_question,M6_placebo_within_question_ci_lo,M6_placebo_within_question_ci_hi,M6_placebo_within_question_underpowered,M6_placebo_within_corr,M6_placebo_within_corr_ci_lo,M6_placebo_within_corr_ci_hi,M6_placebo_within_corr_underpowered,M6_specificity,M6_specificity_ci_lo,M6_specificity_ci_hi,M5a_gap_nonvea_refusal,M5a_gap_nonvea_refusal_ci_lo,M5a_gap_nonvea_refusal_ci_hi,M5a_gap_all_refusal,M5a_gap_all_refusal_ci_lo,M5a_gap_all_refusal_ci_hi,M5b_spearman_v_r0,M5b_spearman_v_r0_ci_lo,M5b_spearman_v_r0_ci_hi,M9_truncation_rate,M9_no_think_end_rate,M9_cot_tokens_mean,M9_cot_tokens_median,M9_answer_cut_rate,awareness_share_evaluation,awareness_share_evaluation_ci_lo,awareness_share_evaluation_ci_hi,awareness_share_user_probing,awareness_share_user_probing_ci_lo,awareness_share_user_probing_ci_hi,awareness_share_manipulation,awareness_share_manipulation_ci_lo,awareness_share_manipulation_ci_hi,refusal_share_full_refusal,refusal_share_full_refusal_ci_lo,refusal_share_full_refusal_ci_hi,benign_refusal_share_full_refusal,benign_refusal_share_full_refusal_ci_lo,benign_refusal_share_full_refusal_ci_hi,refusal_share_partial,refusal_share_partial_ci_lo,refusal_share_partial_ci_hi,benign_refusal_share_partial,benign_refusal_share_partial_ci_lo,benign_refusal_share_partial_ci_hi,refusal_share_comply,refusal_share_comply_ci_lo,refusal_share_comply_ci_hi,benign_refusal_share_comply,benign_refusal_share_comply_ci_lo,benign_refusal_share_comply_ci_hi,M4_type_evaluation,M4_type_evaluation_ci_lo,M4_type_evaluation_ci_hi,M4_type_evaluation_underpowered,M4_within_corr_type_evaluation,M4_within_corr_type_evaluation_ci_lo,M4_within_corr_type_evaluation_ci_hi,M4_within_corr_type_evaluation_underpowered,M4_type_user_probing,M4_type_user_probing_ci_lo,M4_type_user_probing_ci_hi,M4_type_user_probing_underpowered,M4_within_corr_type_user_probing,M4_within_corr_type_user_probing_ci_lo,M4_within_corr_type_user_probing_ci_hi,M4_within_corr_type_user_probing_underpowered,M4_any_refusal,M4_any_refusal_ci_lo,M4_any_refusal_ci_hi,M4_any_refusal_underpowered,M4_length_matched,M4_length_matched_ci_lo,M4_length_matched_ci_hi,M4_length_matched_underpowered,M4_early_vea,M4_early_vea_ci_lo,M4_early_vea_ci_hi,M4_early_vea_underpowered,M4_late_vea,M4_late_vea_ci_lo,M4_late_vea_ci_hi,M4_late_vea_underpowered,M1_length_standardized
Qwen3-0.6B,qwen3,0.6,0.008240626287597858,0.004716375039152604,0.012767973192664312,0.0081799591002045,0.004698364008179968,0.012678936605316974,0.00041203131437989287,0.0,0.0010307312619017002,0.005562422744128554,0.002883016461914545,0.009055687790583149,0.0,0.0,0.0,0.002266172229089411,0.0008248996019440866,0.004121183402078826,0.00041203131437989287,0.0,0.0010307312619017002,0.13228930558417473,0.11209325678805064,0.15386598696356868,0.050204918032786885,0.03381147540983607,0.06755373592630501,0.08208438755138785,0.05802071092831512,0.10781983856226367,0.03917772932640644,-0.01282020471762558,0.10411044904569881,False,1.477590432003608,0.8618217165705471,3.0446683650835893,0.03917772932640644,-0.012820204717625586,0.1041104490456988,0.03815019131654911,-0.014440608456413782,0.09008309584601534,False,0.039654583413690596,-0.012897895834870537,0.10492353053721,0.04694375674506221,-0.013088724422960874,0.138723959339239,True,0.055611251990328465,0.0,0.25,True,0.0480171742555062,,,True,0.042778604380163836,-0.02729886518872876,0.13972409633562452,False,0.037215364948422626,-0.02658554425590925,0.1057098178326199,False,-0.051281137236737794,-0.18780801510951078,0.0602884987579308,False,-0.03667375701038584,-0.12671122109162092,0.048784387564707384,False,0.09045886656314422,-0.02777448506378388,0.2412060019533299,0.35810652307200175,0.20169279618998387,0.5140767112922646,0.3597800910499174,0.2003195964409686,0.518872713449997,0.2296375079528735,0.11726032674202412,0.32588230211262004,0.007361963190184049,0.0,584.1294478527608,422.0,0.6524515863205603,0.00288421920065925,0.0008230410345887271,0.005568273309041409,0.005356407086938607,0.0028776978417266188,0.00866738985057385,0.003914297486608982,0.0018514043321342358,0.006383855024711697,0.13228930558417473,0.11209325678805064,0.15386598696356868,0.050204918032786885,0.03381147540983607,0.06755373592630501,0.23634865031939006,0.2153357941809811,0.2581255562388408,0.04918032786885246,0.03487090163934426,0.06461538461538462,0.6313620440964351,0.6018887881947667,0.6595801676232893,0.9006147540983607,0.8778071990483377,0.923155737704918,0.04204002288904765,-0.07392540020758968,0.21698106427632102,True,0.04441401797150161,-0.0935849132403867,0.162661746002434,True,0.033139280427718,-0.016102216724764636,0.0922754967315009,False,0.02804808307039323,-0.01604266994290051,0.0714299085395616,False,0.014433693466156583,-0.05249185858054878,0.0841093332281527,False,0.024267659469019254,-0.023764229338758106,0.08828925662083738,False,-0.01118337613985028,-0.10330311827502778,0.09438546609933811,True,0.056163050004059765,-0.0171983549274504,0.14449119699502228,False,0.020556134065862257
Qwen3-1.7B,qwen3,1.7,0.014372005832118308,0.008967674661105318,0.02065533761469352,0.01411042944785276,0.008793456032719837,0.020245398773006136,0.0033326390335346803,0.0014571190674437969,0.005433703614617339,0.007498437825453031,0.004381321010084383,0.011037932500967709,0.0,0.0,0.0,0.003540928973130598,0.0012580727188751686,0.006251497993161955,0.0033326390335346803,0.0014571190674437969,0.005433703614617339,0.05209418628881017,0.03856102005171533,0.06659881697981905,0.01026694045174538,0.004106776180698152,0.01740065041025555,0.04182724583706479,0.02608030405686656,0.05804671702159822,-0.011513043626936309,-0.04712168073645228,0.017492673721292724,False,0.8643245116350767,0.5112534253306789,1.2628224006669901,-0.011513043626936306,-0.04712168073645229,0.017492673721292724,-0.012539819389921941,-0.047100106146042355,0.020358670453931138,False,-0.011513043626936309,-0.04712168073645228,0.017492673721292724,-0.003322057779789813,-0.050246450269406086,0.031107170537767362,False,0.002910513590688767,-0.07879116196389915,0.08542862744713692,True,0.003392843374092436,-0.09856659021872284,0.10183666520635294,True,-0.024560042878553588,-0.07118160670096604,0.009558831944298652,False,-0.02333633475508089,-0.06230474020283136,0.009835102777549763,False,0.0667506850935428,0.0077631511932657335,0.12039960140496202,False,0.08329073342430768,0.01150385612161925,0.1346100422533679,False,-0.07826372872047911,-0.135614883603066,-0.017758214562323914,0.10879498230491608,0.02570776979788069,0.20691711704609259,0.10478263662590373,0.023757475819658085,0.20367463639471897,0.19437022286321887,0.07703495095721394,0.3126980177365058,0.01820040899795501,0.0,1090.8891615541922,731.0,0.9410539470943553,0.0043740887315142675,0.0018761335290920084,0.007661092001331516,0.009997917100604041,0.006056745464914897,0.014605548171610682,0.005832118308685691,0.00311393904215301,0.009336196472770678,0.05209418628881017,0.03856102005171533,0.06659881697981905,0.01026694045174538,0.004106776180698152,0.01740065041025555,0.09314440508439258,0.07741694101554905,0.1080691429131245,0.014373716632443531,0.006166495375128468,0.022634911543846246,0.8547614086267973,0.8339895205017901,0.8762472938210416,0.9753593429158111,0.9650565262076053,0.985655737704918,-0.027018963692852668,-0.09841192179016593,0.01851067044005549,True,-0.025130821431018375,-0.06596673421646385,0.01999408591042305,True,-0.006603456997731446,-0.053910379955303143,0.031037318731570913,False,-0.006808404657002646,-0.051952056446111027,0.035135048226418567,False,-0.0045599088561832785,-0.05429327726196478,0.03950998445785514,False,-0.01852778145345006,-0.0553530324244157,0.00963564661700484,False,0.02779683532445086,-0.021978726625529098,0.08001610641076881,False,-0.03862833825855288,-0.0842550168832864,-0.0014679495261494938,False,0.015952736064084046
Qwen3-4B,qwen3,4.0,0.04880581516095535,0.03589312928185981,0.06218901330700647,0.048261758691206545,0.03558282208588957,0.06134969325153374,0.02471443406022845,0.015712386478955467,0.03443269031321303,0.02118380062305296,0.014769207405003072,0.028229831592585682,0.0008307372793354102,0.00020673864638731535,0.0016704948841094174,0.0020768431983385254,0.0008303923603902845,0.003541758993743482,0.02554517133956386,0.01613211806052823,0.03546283157588577,0.04735202492211838,0.03389284678882697,0.06176182723098984,0.01026694045174538,0.0030737704918032786,0.019487179487179488,0.037085084470373,0.021096673728333862,0.0527010511523068,0.07149211899347709,0.024764133938438373,0.12257325080001026,False,2.212511993532006,1.3855004193911673,3.588661226628951,0.0714921189934771,0.02476413393843838,0.12257325080001027,0.10024187717854426,0.03830604717465995,0.16449941279973385,False,0.07149211899347709,0.024764133938438373,0.12257325080001026,0.08735521503888419,0.039145954006634516,0.14317054317698655,False,0.11589527930355763,0.03879174224206288,0.19543598449490435,False,0.14729677942056282,0.05406113415073477,0.23670991184576298,False,0.039646765963138646,-0.00441335643640191,0.09630240763898133,False,0.05496436656494761,-0.006365916625138693,0.1291721727099125,False,-0.01045527230532585,-0.09078508837278598,0.07421944317082324,False,-0.013000655067242644,-0.11668634845644293,0.10322898406742878,False,0.08194739129880294,-0.01833796048237053,0.1790718457031635,0.13787128686870595,0.07273617785900122,0.21409592931067584,0.15320614227205454,0.09001136443842334,0.22512164106980342,0.27074806042845606,0.14558883550238058,0.3925894546161926,0.015337423312883436,0.0,1140.5419222903886,791.0,0.940809968847352,0.007061266874350987,0.004342409317959013,0.01018298199407925,0.041744548286604365,0.0299669160796062,0.05459886465617725,0.0053997923156801665,0.0031106940770174694,0.008120009611780598,0.04735202492211838,0.03389284678882697,0.06176182723098984,0.01026694045174538,0.0030737704918032786,0.019487179487179488,0.08058151609553478,0.06558644717338928,0.09662866392628572,0.02053388090349076,0.011270491803278689,0.031762295081967214,0.8720664589823468,0.8502422966472476,0.8935835471590798,0.9691991786447639,0.9558510217346803,0.9815005138746146,0.010289512571291032,-0.04285282195617352,0.07166223256631261,False,0.010275054269070901,-0.046647594899043805,0.06657399933466474,False,0.08442060220333812,0.03512757412077426,0.13757973249637728,False,0.1147360264684306,0.051868861749009836,0.17799876052314592,False,0.045206422377295705,0.0008646232353132666,0.09140804190209405,False,0.06643021044922337,0.022381917919321516,0.11546655041266927,False,0.08506690085844602,0.026488000771652163,0.15309534571702613,False,0.05484807092455698,0.010336170498623832,0.10173843097897439,False,0.04991555734678078
Qwen3-8B,qwen3,8.0,0.055532271584241406,0.04184076471945628,0.07037786000262838,0.054816935978727756,0.04112090265598412,0.06932550786980161,0.03143336127409891,0.02100474499864567,0.04359766359112442,0.019279128248113998,0.013689614691098301,0.02556592007193271,0.0012573344509639564,0.00041814542096905354,0.0023177656839273187,0.003562447611064543,0.001869916173292349,0.005702549474386335,0.03269069572506287,0.022165246608181845,0.04481418236881952,0.055113160100586756,0.04059355595542231,0.07065074538005989,0.008213552361396304,0.003067484662576687,0.01443298969072165,0.046899607739190455,0.030936947810506533,0.06404209319495292,0.05412431361244964,0.023793095927014868,0.0867862229073097,False,1.774780740659314,1.3039701185263555,2.4003858444875643,0.05412431361244964,0.023793095927014868,0.08678622290730968,0.06957099877581663,0.030440569684382662,0.10982049506687677,False,0.056741846464150446,0.02473068430329699,0.0909624460657164,0.04753936623889096,0.008625768957728,0.08697306164010123,False,0.08722259179507279,0.03744804234003633,0.13986190207914492,False,0.11008475939383926,0.04930573825059362,0.17020101303893762,False,0.01596290816287173,-0.017221368154272467,0.04509930530537993,False,0.01954912148282072,-0.02061721765393322,0.054878277068386404,False,-0.01615309697881824,-0.07218988713871928,0.04961116019886705,False,-0.021137538354350952,-0.08552828818510652,0.0684382099779558,False,0.07027741059126788,-0.0033525863660089183,0.14270412051361067,0.1151842842400118,0.05701213735555465,0.1793300624386591,0.13657550739594082,0.07845157410509424,0.205539908071448,0.27085950978119644,0.15644001209447742,0.3870111889302438,0.02392638036809816,0.0,1164.281390593047,765.0,0.9327467001885607,0.008382229673093043,0.004791566923397169,0.012808065886632086,0.04715004191114837,0.03469244406924236,0.06078970276547277,0.006286672254819782,0.002929483155471856,0.01024247491638796,0.055113160100586756,0.04059355595542231,0.07065074538005989,0.008213552361396304,0.003067484662576687,0.01443298969072165,0.07627829002514669,0.061145494578925944,0.09100580929372516,0.015400410677618069,0.007186858316221766,0.024539877300613498,0.8686085498742665,0.8461850247030043,0.8912819597717145,0.9763860369609856,0.9649122807017544,0.9866939611054247,0.018943486156809644,-0.04474148369135745,0.08274492052132854,False,0.020872014179930086,-0.04932431299022705,0.09020416898729254,False,0.05909533033648351,0.027845266435150524,0.09251190202767623,False,0.07384398185606458,0.03536152959299436,0.11537745430906973,False,0.04983327801793294,0.010725502699327453,0.08782851112056618,False,0.0574315873268944,0.026720614852757524,0.09142961990696143,False,0.07600537697333071,0.025983340205284033,0.12629609505561787,False,0.033466697738519686,-3.0644765168087386e-05,0.0672722586862419,False,0.05411112410523148
Qwen3-14B,qwen3,14.0,0.05800082270670506,0.04482806488238255,0.07272557827192241,0.05787321063394683,0.04478527607361963,0.07259713701431493,0.04072398190045249,0.029283785105147644,0.05264375633824171,0.012957630604689428,0.00782041856790958,0.01846939996654237,0.0008227067050596463,0.00020521239482864764,0.0016471157476140516,0.0034965034965034965,0.0018499391080758786,0.005370791158851477,0.04154668860551213,0.03007751217205288,0.05374865925180502,0.08683127572016461,0.06689961637077743,0.10626981650112241,0.006153846153846154,0.0010277228495877396,0.012295081967213115,0.08067742956631846,0.06128983506782519,0.10098724263888492,0.06002083272601136,0.021517940601974345,0.10211594134568168,False,1.739931807055153,1.2329853930713683,2.483919403004049,0.060020832726011365,0.02151794060197434,0.10211594134568168,0.07668111215033327,0.02796481039772104,0.1276837225163003,False,0.06107980917932006,0.021860737311270684,0.10419537956064916,0.039306682011410014,-0.0037599551054203384,0.08259481904359266,False,0.09444352019305369,0.04636268641035282,0.14600901872372538,False,0.11416839366297767,0.05860511386293383,0.16897909130469926,False,0.012212059030103029,-0.036301023562863396,0.06571872566904088,False,0.01471226164186419,-0.04251734978639811,0.08049184744546133,False,0.03043078084304788,-0.04021466524344273,0.11109219130864964,False,0.02772126469703159,-0.03719300287688926,0.09554931871239378,False,0.02959005188296348,-0.06655178224846021,0.11496907671387517,0.2777981334040314,0.19805950097030345,0.36538586936840345,0.3098210200780809,0.22978687170433026,0.39449444734702,0.4972743826433306,0.39106999339099185,0.5989309166997734,0.0057259713701431495,0.0,809.5310838445807,619.0,0.9014808720691073,0.009666803784450843,0.006360083531216155,0.013397880852359259,0.04833401892225422,0.03677074774034511,0.061346137826617624,0.0043192102015631425,0.0024665981500513875,0.006407512748399705,0.08683127572016461,0.06689961637077743,0.10626981650112241,0.006153846153846154,0.0010277228495877396,0.012295081967213115,0.07078189300411522,0.05665313952085966,0.0846732229116518,0.01641025641025641,0.007194244604316547,0.026640027322404367,0.8423868312757201,0.8172084881630682,0.8670654543203091,0.9774358974358974,0.9657889104336862,0.9886834183446893,0.007036692833247002,-0.0479304518815374,0.058462280434964944,False,0.006588447032355313,-0.04267153725605846,0.05991064640757977,False,0.07231159239035931,0.030881654578377982,0.11697448783803384,False,0.09019562987326515,0.03991166201938403,0.14053548623325943,False,0.09792142272100074,0.0544807789505969,0.14515933009249535,False,0.056155613926881905,0.0199840705942489,0.0951798411181542,False,0.05838336793205045,0.005859848907456865,0.1157638158326425,False,0.051102597007105226,0.010923781058889465,0.09399314743017033,False,0.04762883186985364
Qwen3.5-0.8B,qwen3.5,0.8,0.3774426508071368,0.35200428974250936,0.40279712516147614,0.38178096212896623,0.3566712067070233,0.40651959246616626,0.16992353440951571,0.15303007606030708,0.18605882106687968,0.14039932030586236,0.12460325787123519,0.1559254421638821,0.035471537807986404,0.029449261086148714,0.04193141881457031,0.028037383177570093,0.02312751962656482,0.03300058665591392,0.2053950722175021,0.18738958427236505,0.22378280704891887,0.3700636942675159,0.34157633241780844,0.4009775971683213,0.2204968944099379,0.19052276689982436,0.2536082474226804,0.149566799857578,0.10947731276066222,0.1907052380408801,0.05831476765782854,0.036886379983831555,0.0798117991394461,False,1.546778296084513,1.3245406440384464,1.8058840029685006,0.05831476765782854,0.03688637998383155,0.0798117991394461,0.06992600082633907,0.044577244094713635,0.09459015765238454,False,0.06474424703874782,0.04124888682189689,0.08825032961801453,0.03464636748914862,-0.001960594243669314,0.06981451189855496,False,0.07356651910110164,0.0479881478713764,0.09955108610609832,False,0.0869038111700252,0.05682582393011583,0.11626223977166458,False,0.03912265556805946,0.009959931099752413,0.06682182347910785,False,0.04702180052316609,0.012454040682280433,0.08096835142393106,False,0.04459052750089852,0.011592887533878138,0.07797597526490134,False,0.056999765297602124,0.014999870872393893,0.10051855503529633,False,0.013724240156930016,-0.02580687223845631,0.05325640581960299,0.1666398878898879,0.09177664467261233,0.24064868063099665,0.19381479631479628,0.12046119697523575,0.26624701955414476,0.28066749491665005,0.19089633400884817,0.37062665398018163,0.03619631901840491,0.00020449897750511248,2988.259918200409,2691.5,0.7865025466893039,0.26720475785896347,0.24482893255957325,0.28931834147667973,0.11023789294817332,0.09982764545839926,0.12073724724231502,0.135089209855565,0.12376773854026786,0.14750102934952458,0.3700636942675159,0.34157633241780844,0.4009775971683213,0.2204968944099379,0.19052276689982436,0.2536082474226804,0.3089171974522293,0.2864078754213636,0.33135243776450835,0.08281573498964803,0.0629514963880289,0.10269904112276271,0.32101910828025476,0.2954384055543768,0.3473319405805526,0.6966873706004141,0.6618552969647864,0.7310538356697819,0.05999705370597683,0.03722200436075054,0.08374930120203433,False,0.07231973876709258,0.04473684673926883,0.10121367564392669,False,0.05299006916016103,0.020817170265077657,0.08511401812590955,False,0.06182742353215,0.02454902928345351,0.09954153291182957,False,0.04803708366705433,0.02589917708522632,0.06987044807496129,False,0.059326420068083766,0.03607973319722769,0.0822624805235807,False,0.05854754097969739,0.032150535323935484,0.0832724052869943,False,0.058391022268153694,0.03003258858582038,0.08577760143502074,False,0.2017486011493144
Qwen3.5-2B,qwen3.5,2.0,0.3122247850702453,0.2861890628739038,0.3371816095928762,0.31633906633906633,0.29071316367415523,0.34119244146568023,0.17194380373243867,0.1550321745704454,0.1884598233815371,0.09331096665967709,0.07853353415296621,0.10857876018498128,0.02432375760117425,0.01855664778449166,0.030519718990915667,0.014258754455860768,0.010709168751885807,0.017800491297558747,0.19626756133361292,0.17805007971877004,0.2147075051817363,0.3729310706054892,0.34090130759651305,0.4072675718079455,0.08592132505175984,0.06501380421946315,0.10688591983556012,0.2870097455537294,0.24941774531553,0.3274869630656112,0.03421592238525971,0.010026347066196466,0.05881197080264819,False,1.3573299518710993,1.0945361758481813,1.6838000600205536,0.03421592238525971,0.010026347066196475,0.058811970802648196,0.04466702454785936,0.013156518981443295,0.07653093248349646,False,0.04155098640208057,0.01219072437062633,0.07119371788514023,0.04013729044648972,-0.00043936027001551426,0.07854594510143877,False,0.03975768938033196,0.013514404008329773,0.06720493150067024,False,0.05308874336590167,0.017845237256565154,0.0893965126102182,False,0.040040702814949404,0.0026029667318517823,0.07778795394906833,False,0.04846673977193447,0.003139417901285416,0.0948552616056509,False,0.029323051286011443,-0.0010645300164418994,0.05983869354019704,False,0.03966824647890436,-0.0014592327523698788,0.08167867425518811,False,0.004892871099248266,-0.03479529547129299,0.04378181878817921,0.26684544750177996,0.20046005677948925,0.3282039973890543,0.2813971080956569,0.2149371521778467,0.34126111576133117,0.29402488525938436,0.21182871145133797,0.3807046033741942,0.023517382413087935,0.0,3158.281390593047,2940.0,0.7560209424083769,0.2017194380373244,0.1807555833855145,0.22220016245958546,0.11050534703292095,0.09951854891113059,0.1208957227718721,0.19710631159572237,0.1783130520912583,0.21554283621795914,0.3729310706054892,0.34090130759651305,0.4072675718079455,0.08592132505175984,0.06501380421946315,0.10688591983556012,0.24031007751937986,0.21816285760064488,0.26213027106900116,0.07349896480331262,0.055842812823164424,0.09194452575486935,0.3867588518751309,0.3558717927261072,0.4187328522418543,0.8405797101449275,0.8112018742854207,0.8690262692599141,0.034674987372947365,0.006308418469991604,0.06229659101030538,False,0.044674042021782004,0.008074693255842319,0.0809166461725948,False,0.036912739416339886,0.006746875271268777,0.07027087685469086,False,0.048165813631936415,0.008743632825009116,0.09110620688892943,False,0.033975853331513726,0.010435615745419442,0.057352676767529816,False,0.03830446638147772,0.01270743995312822,0.06295509132243994,False,0.030570672975292326,-0.0006286049399859604,0.06110741796101489,False,0.0417173525820118,0.012458107390197103,0.07417036982677855,False,0.15012456620670145
Qwen3.5-4B,qwen3.5,4.0,0.1813570069752695,0.16183804538067897,0.20076579946255568,0.1847225066557444,0.1651319356485459,0.2038966650743047,0.1253434791798774,0.11054974556661072,0.1397940468946061,0.031071655041217502,0.022456724557269894,0.04052771114681394,0.007609384908053266,0.005049389361260131,0.010348906694093043,0.005918410484041429,0.003601675842521155,0.008412729767460728,0.13295286408793067,0.11752039516216772,0.14823822137856585,0.42296327564373154,0.3873422671483192,0.45964826169414125,0.04943357363542739,0.03305699835393053,0.06680369989722508,0.37352970200830415,0.3343399101106943,0.41332886576581696,0.000569017289343781,-0.020751487823693397,0.02187904552897398,False,1.0063687640135126,0.7957958651885518,1.2826644453028841,0.0005690172893437764,-0.0207514878236934,0.02187904552897397,0.0007996010098637583,-0.028662320805146788,0.030838738295618773,False,0.0007718950421094918,-0.027986728643848068,0.029414245806128166,-0.008921011641740636,-0.04308752622773911,0.02420917247491665,False,0.007190508448843962,-0.016709085039538305,0.031165241558218475,False,0.009733155300718057,-0.022611317810606088,0.0422906137483854,False,-0.03406279348428349,-0.07904115958590346,0.012616951705162024,False,-0.04740751391338752,-0.10859382736980121,0.017711926202395766,False,0.041716681281803704,0.009064756660507862,0.0707145343108681,False,0.055097783804150875,0.011805441043535852,0.09343774619483124,False,-0.04114766399245992,-0.07895352897059991,-0.003415385206784779,0.17832019279030142,0.10408111999332881,0.24920938093097594,0.17773092698364434,0.10406659555334803,0.24966894095236958,0.2473648772988945,0.16391279452905883,0.32929982103366245,0.031083844580777096,0.0,2826.729856850716,2416.0,0.7596032081046855,0.0984992601986895,0.0848134422656768,0.11290226171746116,0.08285774677658,0.07223326208418036,0.09450436538852959,0.2521665609807652,0.22618188594957356,0.27682453162145854,0.42296327564373154,0.3873422671483192,0.45964826169414125,0.04943357363542739,0.03305699835393053,0.06680369989722508,0.21169269734065008,0.1884753151387204,0.23504528793966306,0.04325437693099897,0.027720739219712527,0.060699588477366256,0.3653440270156184,0.32884187478819527,0.39993531963723533,0.9073120494335737,0.8844169246646026,0.9301148462280338,0.00038505463793362505,-0.026652449819117987,0.02867440277232889,False,0.0005339176891248183,-0.036587119405191826,0.04024152141855728,False,0.003019696457549195,-0.024956755623507677,0.03040079793237142,False,0.0038791547803488915,-0.032817880512739615,0.03895258720881496,False,0.014938663340502117,-0.0037367156797085137,0.03398593471203184,False,0.015388235215988361,-0.00514133691464426,0.03528115957996494,False,-0.02217874995248324,-0.05479683056981567,0.009745774732925438,False,0.031607339258550624,0.005705855978324272,0.05902593527833563,False,0.09388306670911675
Qwen3.5-9B,qwen3.5,9.0,0.15708892617449666,0.13816866355270926,0.1777785980454194,0.15754968244212253,0.13884764701801058,0.17790713238640427,0.11220637583892618,0.0975448639969849,0.1277354037597774,0.023909395973154363,0.016899006113156388,0.03181922930233184,0.006921140939597316,0.004408962796239485,0.009830836667826337,0.007340604026845637,0.004559585492227979,0.010279055386816676,0.11912751677852348,0.10380752479382362,0.13547529226063704,0.43760469011725295,0.39970582602802673,0.47472096585935214,0.040082219938335044,0.024640025272468807,0.0573785203867171,0.3975224701789179,0.3565836483516827,0.43845509002187283,0.02541811908045978,0.004258671673539249,0.04694721296491399,False,1.3745919994648153,1.055544502592866,1.819658830191007,0.02541811908045978,0.004258671673539248,0.046947212964913984,0.03711579886032798,0.006328581161885513,0.0687179182401041,False,0.034950298700880365,0.005954579239437529,0.06447028150578563,0.009482442805559082,-0.02380773134097743,0.042786743555184664,False,0.018797769593843657,-0.003909154314902086,0.041094103643706345,False,0.026614389250508755,-0.005724822334861118,0.058911276839911625,False,0.038124945712920875,-0.003171166653368653,0.08070925927075169,False,0.05176086285511605,-0.0041948178425624824,0.10805564771539236,False,0.01837146263661383,-0.014240071789225003,0.05091730057989888,False,0.024014704743840005,-0.0187587862760339,0.06745102525936571,False,0.007046656443845951,-0.029587656472244206,0.04353808598850511,0.20332920357740814,0.12719804082064384,0.2775622838443071,0.21753042272159295,0.1422515388827905,0.29111409418463324,0.22114542842300425,0.13233495533610617,0.312909439052987,0.023312883435582823,0.0,2601.1895705521474,2241.0,0.7435092127303182,0.08640939597315436,0.07298114202749681,0.10053569772371938,0.07067953020134228,0.060396860173261034,0.08183946256681199,0.2636325503355705,0.237066583056291,0.2896412626179697,0.43760469011725295,0.39970582602802673,0.47472096585935214,0.040082219938335044,0.024640025272468807,0.0573785203867171,0.22403685092127304,0.19896212989985945,0.2492218867580561,0.04316546762589928,0.028688524590163935,0.059487179487179485,0.33835845896147404,0.3016414983899355,0.37544754699360966,0.9167523124357657,0.8938078643860334,0.9383350462487153,0.02658897556670648,-0.001223347728588978,0.05655872200394434,False,0.03914902057666346,-0.0018804808947510093,0.0822490803139875,False,0.024021861204380105,-0.0024186211069271353,0.049924965046566266,False,0.03179998805204492,-0.003450990539199456,0.06627544070934767,False,0.02776165984415374,0.004535583306581174,0.053558452612499356,False,0.03580124685254296,0.013144178288716986,0.058420441835850864,False,0.025683993802611115,-0.007147109233705417,0.06091675073937987,False,0.02171665443496129,-0.0021515952212694165,0.04495200340309434,False,0.0947615420259968
Qwen3.5-27B,qwen3.5,27.0,0.11986795956261605,0.10429105191131893,0.1362514975080237,0.12116250511665984,0.1051985264019648,0.13764939520306066,0.08933360841757788,0.07711338934220317,0.10187300684851136,0.016092428306168763,0.011093962105009802,0.021479282861687543,0.006189395502372601,0.0035043598939435336,0.009083449036321843,0.004332576851660821,0.0026726836341077515,0.006176779529406044,0.09552300391995049,0.0824085491163173,0.10862953178543215,0.4982477839620697,0.4595925824698241,0.5365741287892918,0.04512820512820513,0.02971311475409836,0.06160322548649258,0.45311957883386456,0.4135832553905603,0.4936056832359147,0.024757355110463116,-0.0012900620853004826,0.04918733322565243,False,1.3243351705272552,0.9870191218436375,1.75177176602797,0.024757355110463126,-0.0012900620853004705,0.04918733322565242,0.0343642603459877,-0.0016715428817536617,0.06743583292494783,False,0.036498603066252605,-0.001789452965625913,0.07058460780630159,0.0064944953988052955,-0.040362165224150044,0.05375042048521501,False,0.02916539407900298,0.0026782964871595876,0.054814879005935964,False,0.03922691112502144,0.003559901996831522,0.07383367661018742,False,-0.014634609692998126,-0.07579633025041627,0.0449108168778477,False,-0.017150862608341286,-0.08769285534109368,0.052198904480993395,False,0.03353263611902585,0.009563713651657363,0.058759495446940986,False,0.04650160417043364,0.013520510983991606,0.08121660704950066,False,-0.008775281008562733,-0.04616270087441068,0.02620424057670746,0.13410320759261318,0.06087806047755148,0.21382432419404487,0.14391824948920007,0.06906810070962494,0.22120247933175133,0.1826074396973116,0.09768303170539736,0.27706532511232856,0.007975460122699387,0.0,2118.3705521472393,1745.5,0.7109874252731395,0.06663915824221167,0.05571546052631579,0.0779420102138035,0.053228801320404376,0.04442137607639402,0.06199660058428739,0.26304930885083555,0.23433242608901342,0.2918308248570206,0.4982477839620697,0.4595925824698241,0.5365741287892918,0.04512820512820513,0.02971311475409836,0.06160322548649258,0.2199546485260771,0.19462608938318637,0.24623361726364154,0.0441025641025641,0.028717948717948718,0.06147540983606557,0.28179756751185325,0.24726781003040427,0.31783492089098664,0.9107692307692308,0.88729219209752,0.9334016393442623,0.00381280665438159,-0.030939677752687272,0.038261941322575196,False,0.004877201391257087,-0.040354092588524966,0.048586684303547616,False,0.04821667324535896,0.01574683114994797,0.08023764204484948,False,0.05956887431807099,0.019283053545547647,0.09794040480294253,False,0.005576144983352962,-0.019378678162443617,0.029255682118106863,False,0.029627322657580942,0.002945624377768393,0.05601925494260291,False,0.02393542814885641,-0.012553424919229162,0.06071837693574385,False,0.02432980168981517,-0.005561612094997078,0.05455661000289104,False,0.0914104881067625
Qwen3.8-27B,qwen3.8,27.0,0.017248545303408146,0.012622806496084216,0.022577338589322548,0.017400204708290685,0.012881346812612942,0.022722736577649574,0.011845386533665835,0.008378061965247654,0.015869784260888874,0.0020781379883624274,0.000624850320041587,0.003744539213646765,0.00020781379883624273,0.0,0.0006272246882321355,0.003117206982543641,0.0014489678706505037,0.005185673028012818,0.012053200332502078,0.008684460201737743,0.01595615369156081,0.5374064837905237,0.5001011620668188,0.5744061112571344,0.03483606557377049,0.02151639344262295,0.050204918032786885,0.5025704182167532,0.4630835081088144,0.5403007145262677,0.037909244755669945,-0.059689524944217656,0.13934771169851023,False,1.2845749839585507,0.6187115430767862,2.3183812730333195,0.037909244755669945,-0.05968952494421765,0.13934771169851023,0.0286227600287539,-0.04425827424738291,0.1070623096530555,False,0.04476921425682064,-0.07768939639471373,0.1600654790042836,0.06615455616614482,-0.035056806566744876,0.17221436264205495,False,0.007217925382418447,-0.08065432842625636,0.09076988109314488,False,0.004710136785925603,-0.05147507208260386,0.05885342364186995,False,0.06965448309401956,-0.1260552823021325,0.23971967855902165,True,0.05408185845045684,-0.09048850990386093,0.19713419076920516,True,0.11670212900125773,0.08488030174001268,0.15092081620781103,False,0.15123575361865924,0.1111490766264862,0.191320267178591,False,-0.07879288424558778,-0.18254157741194826,0.02750571701105878,-0.06742604125678969,-0.17089816197772437,0.04328252461286808,-0.06615898472657528,-0.16713747932426576,0.041283797556982985,-0.04342165645318266,-0.11941771782705922,0.03927475816352468,0.01492842535787321,0.0008179959100204499,801.8092024539877,428.0,0.6233118637024725,0.00914380714879468,0.005834488100455213,0.012722382909404762,0.008104738154613466,0.0054153413165102535,0.01105600587463692,0.4837905236907731,0.449335430400823,0.5160738743510249,0.5374064837905237,0.5001011620668188,0.5744061112571344,0.03483606557377049,0.02151639344262295,0.050204918032786885,0.15835411471321695,0.13705449048198015,0.18003771096092366,0.031762295081967214,0.019427402862985686,0.046012269938650305,0.30423940149625933,0.26912608078156997,0.34123948484992295,0.9334016393442623,0.9130834820979584,0.9519427402862985,0.06379057329146338,-0.06016997587501392,0.1961239350251444,False,0.04784107149609154,-0.04166699709633064,0.15558101072157315,False,0.02533708446400293,-0.09862534438424919,0.13292522772651771,False,0.01677742316181042,-0.0626883405778598,0.09302604965130681,False,0.08517175746288415,0.0019928291619418655,0.17566766404184278,False,0.05367391109421592,-0.04177281145941297,0.14885498773182732,False,-0.026693432597188833,-0.15320878705742172,0.0930983632813112,False,0.10773349941711108,-0.03219072699279189,0.24553542660969274,False,0.03370600469562115
Qwen3-32B,qwen3,32.0,0.05216676935715753,0.03886429918357318,0.06616257525291078,0.05214723926380368,0.03885480572597137,0.06625766871165645,0.03758471965495995,0.02664813669347567,0.04939776914757475,0.009652906140891353,0.00594984694893645,0.013801076415026746,0.0014376668720476485,0.0004105069251601516,0.0028735632183908046,0.003286095707537482,0.0016420361247947454,0.005138772558081354,0.039022386527007596,0.027766208552850787,0.050988153765123854,0.07249948654754569,0.055258833196384555,0.09236908073121296,0.007157464212678937,0.0010224948875255625,0.014314928425357873,0.06534202233486676,0.04658358197938818,0.08568575019470144,0.1377124716721241,0.08820275866022406,0.18185391691348035,False,2.610627168419389,1.9401966113158298,3.4643483868645557,0.1377124716721241,0.08820275866022408,0.18185391691348032,0.1578759439736128,0.10354632539293879,0.20610741447980016,False,0.14096506514000415,0.09062928439532648,0.18688970402726873,0.16261810580808775,0.11236588289033003,0.21240468994645761,False,0.18194428733422646,0.12602623497929588,0.23489097590944683,False,0.19986195887353095,0.14231871161316823,0.252272460483439,False,0.07220320410496546,-0.008285105077972334,0.15480340920289012,False,0.07456682246705212,-0.008090272306434823,0.1621951811247221,False,0.015829923884792128,-0.038243660546937154,0.07592963905089486,False,0.01346711147577166,-0.03349073525558746,0.06361428853665414,False,0.12188254778733199,0.03492877010771652,0.20122655257619987,0.28888376424872775,0.2058561625407415,0.3735650925648341,0.30577936864433214,0.22587183060573846,0.3867290019939894,0.5047575549876063,0.39185742075992847,0.6067057439449103,0.004294478527607362,0.0,887.3,735.5,0.9176422263298418,0.00862600123228589,0.005349766724826726,0.012320581734214103,0.043540768124871634,0.03151163786785353,0.056369531919603144,0.007599096323680428,0.005135500219551023,0.01027543299163734,0.07249948654754569,0.055258833196384555,0.09236908073121296,0.007157464212678937,0.0010224948875255625,0.014314928425357873,0.05504210310125282,0.043147065114805365,0.0682670832658265,0.009202453987730062,0.003067484662576687,0.016359918200409,0.8724584103512015,0.8488251374217398,0.8946181781877541,0.983640081799591,0.9734151329243353,0.9928425357873211,0.07404275981386825,0.012875121527275343,0.14094145343870954,False,0.0628441234620545,0.01061314394454515,0.1155266855501597,False,0.15087262562127182,0.09910484298811431,0.19934229159579003,False,0.16689288309471023,0.11038971770649975,0.21828688965861434,False,0.12320487993377213,0.07680843564072086,0.1699561390428251,False,0.09361156934582662,0.05062021932368386,0.13554100612939982,False,0.15255808513368116,0.08661943070349315,0.21469177793393282,False,0.12809075519214277,0.0760082487646776,0.17530935728392905,False,0.04886442435619938
