,Gemma 4 31B,Nemotron 3 Super 120B-A12B,Qwen3.5-122B-A10B,Qwen3.5-397B-A17B
refusal (all Fortress),54.0%,47.5%,55.5%,62.9%
VEA rate (490 prompts x20),"0.69% [0.38, 1.04]","24.39% [21.64, 27.10]","10.29% [8.67, 11.94]","10.99% [9.20, 12.82]"
prompts with >=1 VEA,28,308,211,202
within-prompt refusal gap,"+6.9 [-0.3, +16.3] (n=27)","+7.1 [+4.6, +9.9] (n=300)","+5.3 [+2.7, +8.2] (n=211)","+2.7 [+1.4, +4.2] (n=202)"
... refusal-varying prompts,"+8.4 [-0.1, +19.2] (n=22)","+13.1 [+8.0, +17.9] (n=177)","+13.9 [+7.4, +20.6] (n=81)","+12.4 [+6.4, +18.3] (n=53)"
Spearman VEA rate vs refusal,"0.24 [-0.15, 0.58]","0.57 [0.49, 0.64]","-0.02 [-0.15, 0.12]","0.15 [0.01, 0.28]"
BOUNDARIES/HARMFUL/ABILITIES,27/28/36,69/23/7,37/33/22,34/44/15
safety-relevant share,55%,92%,70%,77%
GSM8K VEA,6/2500 (0.24%),0/2500 (0.00%),31/2500 (1.24%),24/2500 (0.96%)
MATH-500 VEA,0/2500 (0.00%),1/2500 (0.04%),4/2500 (0.16%),2/2500 (0.08%)
CF prompts,—,149,70,41
CF none refusal,—,43.0%,45.5%,61.4%
CF remove own VEA (keep-drop),—,"+2.2 [-0.2, +4.7]","+1.6 [-1.7, +5.1]","+0.5 [-5.6, +6.6]"
CF drop re-VEA rate,—,50%,27%,43%
CF +boundary vs none,—,"+6.6 [+3.6, +10.0]","+2.8 [-0.5, +6.3]","+1.2 [-2.9, +5.4]"
CF +eval vs none,—,"+21.2 [+17.5, +25.2]","+2.9 [-0.4, +6.7]","+2.2 [-2.4, +6.6]"
CF +think-carefully vs none,—,"+21.1 [+17.1, +25.0]","+0.3 [-2.9, +3.3]","-0.7 [-5.6, +4.1]"
CF eval vs think-carefully,—,"-0.2 [-3.5, +3.2]","+2.6 [-1.3, +6.7]","+2.9 [-1.7, +7.6]"
